Name,Email Address,AnswerQuery
Podichetti Shreya,shreyapodichetti@gmail.com,"create database ""idc_pizza"";"
Podichetti Shreya,shreyapodichetti@gmail.com,select distinct category from pizza_types;
Podichetti Shreya,shreyapodichetti@gmail.com,"select pizza_type_id, name, coalesce(ingredients, 'Missing Data') as ingredients from pizza_types limit 5;"
Podichetti Shreya,shreyapodichetti@gmail.com,select * from pizzas where price is NULL;
Podichetti Shreya,shreyapodichetti@gmail.com,select * from orders where order_date = '2015-01-01';
Podichetti Shreya,shreyapodichetti@gmail.com,select * from pizzas order by price desc;
Podichetti Shreya,shreyapodichetti@gmail.com,"select * from pizzas where size in ('L','XL');"
Podichetti Shreya,shreyapodichetti@gmail.com,select * from pizzas where price between 15.00 and 17.00;
Podichetti Shreya,shreyapodichetti@gmail.com,select * from pizza_types where name like '%Chicken%';
Podichetti Shreya,shreyapodichetti@gmail.com,select * from orders where date = '2015-02-15' and time >= '20:00:00';
Podichetti Shreya,shreyapodichetti@gmail.com,select sum(quantity) as total_quantity_of_oizzas_sold from order_details;
Podichetti Shreya,shreyapodichetti@gmail.com,select avg(price) as avg_price from pizzas;
Podichetti Shreya,shreyapodichetti@gmail.com,"select od.order_id, sum(od.quantity * p.price) as total_order_value from order_details od inner join pizzas p on od.pizza_id = p.pizza_id group by od.order_id order by od.order_id;"
Podichetti Shreya,shreyapodichetti@gmail.com,"select pt.category, sum(od.quantity) as total_quantity_sold from order_details od inner join pizzas p on od.pizza_id = p.pizza_id inner join pizza_types pt on p.pizza_type_id = pt.pizza_type_id group by pt.category order by total_quantity_sold desc;"
Podichetti Shreya,shreyapodichetti@gmail.com,"select pt.category, sum(od.quantity) as total_quantity_sold from order_details od inner join pizzas p on od.pizza_id = p.pizza_id inner join pizza_types pt on p.pizza_type_id = pt.pizza_type_id group by pt.category having sum(od.quantity) > 5000 order by total_quantity_sold desc;"
Podichetti Shreya,shreyapodichetti@gmail.com,"select p.pizza_id, p.pizza_type_id, p.size, p.price from pizzas p left join order_details od on p.pizza_id = od.pizza_id where od.pizza_id is null;"
Podichetti Shreya,shreyapodichetti@gmail.com,"select p1.pizza_type_id, p1.size as size_1, p2.size as size_2, p1.price as price_1, p2.price as price_2, (p2.price - p1.price) as price_difference from pizzas p1 join pizzas p2 on p1.pizza_type_id = p2.pizza_type_id and p1.size != p2.size order by p1.pizza_type_id, p1.size;"
